URL,Title,Address
https://sfbay.craigslist.org/nby/hea/d/data-analyst-alliance-medical/6608049358.html,Data Analyst @ Alliance Medical Center,healdsburg / windsor
https://sfbay.craigslist.org/pen/tfr/d/music-data-analyst-norwegian/6607992158.html,"Music Data Analyst - Norwegian, Dutch, Turkish or Italian",palo alto
https://sfbay.craigslist.org/pen/ofc/d/bilingual-data-analyst-german/6603037817.html,Bilingual Data Analyst (German/English),redwood city
https://sfbay.craigslist.org/pen/sof/d/amazing-non-profit-seeks/6601223326.html,Amazing Non-Profit Seeks a Program Data Analyst,san mateo
https://sfbay.craigslist.org/sfc/ofc/d/business-data-analyst/6599781388.html,Business / Data Analyst,west portal / forest hill
https://sfbay.craigslist.org/eby/npo/d/data-analyst-salesforce-admin/6599190429.html,Data Analyst / Salesforce Admin,pittsburg / antioch
https://sfbay.craigslist.org/sby/sof/d/software-engineer-data-analyst/6598152197.html,Software Engineer/Data Analyst,los gatos
https://sfbay.craigslist.org/pen/acc/d/revenue-reporting-and-systems/6614088054.html,"Revenue, Reporting and Systems Analyst - Accounting/Finance",redwood city
https://sfbay.craigslist.org/pen/csr/d/customer-experience-analyst/6613898119.html,Customer Experience Analyst | An Innovative VR Company,menlo park
https://sfbay.craigslist.org/pen/hea/d/healthcare-financial-analyst/6611617122.html,Healthcare Financial Analyst,south san francisco
https://sfbay.craigslist.org/sfc/npo/d/impact-analyst-compass-family/6611141963.html,Impact Analyst - Compass Family Services,downtown / civic / van ness
https://sfbay.craigslist.org/sfc/sad/d/security-analyst-at/6603576516.html,Security Analyst at craigslist,financial district
https://sfbay.craigslist.org/sby/npo/d/data-quality-analyst/6591930671.html,Data Quality Analyst,sunnyvale
https://sfbay.craigslist.org/sby/sof/d/data-quality-analyst/6591930675.html,Data Quality Analyst,sunnyvale
https://sfbay.craigslist.org/nby/sci/d/laboratory-analyst-healdsburg/6610197657.html,Laboratory Analyst - Healdsburg,healdsburg / windsor
https://sfbay.craigslist.org/sby/bus/d/gas-quality-information/6610034262.html,Gas Quality Information Analyst,morgan hill
https://sfbay.craigslist.org/sfc/acc/d/senior-budget-analyst-jo-4725/6609940931.html,Senior Budget Analyst (JO# 4725),
https://sfbay.craigslist.org/eby/edu/d/student-data-analyst/6591591325.html,Student Data Analyst,
https://sfbay.craigslist.org/pen/egr/d/shutterfly-senior-information/6609716316.html,SHUTTERFLY - Senior Information Security Risk Analyst,redwood city
https://sfbay.craigslist.org/pen/fbh/d/hotel-operations-financial/6609593642.html,Hotel Operations Financial Analyst - BPR Properties,palo alto
https://sfbay.craigslist.org/sby/sof/d/programmer-analyst/6609108307.html,Programmer Analyst,hollister
https://sfbay.craigslist.org/bus/d/business-analyst-senior/6609068652.html,Business Analyst-Senior,
https://sfbay.craigslist.org/eby/bus/d/corporate-strategy-and/6608998609.html,Corporate Strategy and Development Analyst,emeryville
https://sfbay.craigslist.org/pen/csr/d/customer-experience-analyst/6608859191.html,Customer Experience Analyst | An Innovative VR Company,menlo park
https://sfbay.craigslist.org/sfc/ofc/d/analyst-4723/6608107741.html,Analyst (4723),San Francisco
https://sfbay.craigslist.org/nby/sad/d/programmer-analyst-ii/6607998137.html,Programmer Analyst II,petaluma
https://sfbay.craigslist.org/eby/acc/d/management-analyst-finance/6607772290.html,Management Analyst I (Finance),oakland downtown
https://sfbay.craigslist.org/sfc/bus/d/training-program-analyst-icap/6607769767.html,"Training Program Analyst, ICAP",potrero hill
https://sfbay.craigslist.org/pen/acc/d/healthcare-financial-analyst/6607766869.html,Healthcare Financial Analyst,south san francisco
https://sfbay.craigslist.org/pen/hea/d/healthcare-financial-analyst/6607764234.html,Healthcare Financial Analyst,south san francisco
https://sfbay.craigslist.org/sfc/bus/d/program-support-analyst/6607756707.html,Program Support Analyst / Clinical Placement Analyst,TBD
https://sfbay.craigslist.org/eby/npo/d/data-analyst/6589867479.html,Data Analyst,concord / pleasant hill / martinez
https://sfbay.craigslist.org/sfc/lgl/d/conflicts-analyst-temporary/6605560434.html,Conflicts Analyst (Temporary),financial district
https://sfbay.craigslist.org/sfc/acc/d/financial-planning-analysis/6605381330.html,Financial Planning & Analysis Analyst,mission district
https://sfbay.craigslist.org/sby/mar/d/analyst-account-manager/6605093025.html,Analyst / Account Manager * Digital Marketing (Automotive Industry),san jose downtown
https://sfbay.craigslist.org/sby/npo/d/business-systems-analyst/6604791992.html,Business Systems Analyst,san jose north
https://sfbay.craigslist.org/sfc/ofc/d/client-service-analyst/6604499799.html,Client Service Analyst/Associate - Asset Management Firm,
https://sfbay.craigslist.org/scz/acc/d/budget-research-analyst/6604315282.html,Budget & Research Analyst,
https://sfbay.craigslist.org/pen/csr/d/customer-experience-analyst/6603442380.html,Customer Experience Analyst | An Innovative VR Company,menlo park
https://sfbay.craigslist.org/eby/hum/d/hr-insights-analyst/6603308955.html,HR Insights Analyst,oakland lake merritt / grand
https://sfbay.craigslist.org/sby/ofc/d/content-review-analyst/6603221707.html,Content Review Analyst- Japanese Language Required,sunnyvale
https://sfbay.craigslist.org/eby/hum/d/senior-hris-analyst-workday/6603124287.html,Senior HRIS Analyst (Workday),
https://sfbay.craigslist.org/eby/npo/d/program-supervisor-board/6602327675.html,Program Supervisor / Board Certified Behavior Analyst (BCBA),fremont / union city / newark
https://sfbay.craigslist.org/sfc/acc/d/valuation-associate-financial/6601694040.html,Valuation Associate - Financial Analyst,financial district
https://sfbay.craigslist.org/eby/edu/d/change-the-world-with-fun/6614059123.html,CHANGE THE WORLD with a Fun Career with Great Pay and Flexible Hours!,fremont / union city / newark
https://sfbay.craigslist.org/nby/acc/d/financial-analyst/6599345347.html,Financial Analyst,san rafael
https://sfbay.craigslist.org/pen/hea/d/healthcare-financial-analyst/6599245376.html,Healthcare Financial Analyst,south san francisco
https://sfbay.craigslist.org/nby/sof/d/geospatial-analyst-database/6599190688.html,"Geospatial Analyst/Database Developer - VALLEJO, CA","Vallejo, CA"
https://sfbay.craigslist.org/nby/tch/d/geospatial-analyst-database/6599190689.html,"Geospatial Analyst/Database Developer - VALLEJO, CA","Vallejo, CA"
https://sfbay.craigslist.org/pen/acc/d/sales-and-use-tax-manager/6611901623.html,Sales and Use Tax Manager,palo alto
https://sfbay.craigslist.org/sby/mnu/d/environmental-health-and/6599132125.html,Environmental Health and Safety Analyst,san jose north
https://sfbay.craigslist.org/sby/ofc/d/content-reviewer-must-be/6611792553.html,Content Reviewer - Must be Fluent in Spanish or French,sunnyvale
https://sfbay.craigslist.org/sby/edu/d/behavior-interventionist-aba/6611157285.html,Behavior Interventionist | ABA Therapist | RBT,san jose north
https://sfbay.craigslist.org/eby/edu/d/5-8-dean-of-students/6611048153.html,5-8 Dean of Students,
https://sfbay.craigslist.org/eby/ofc/d/credentialing-analyst/6597943124.html,Credentialing Analyst,emeryville
https://sfbay.craigslist.org/eby/edu/d/after-school-program/6610134814.html,After School Program Coordinator K-8 (18-19),
https://sfbay.craigslist.org/eby/hea/d/change-the-world-with-fun/6609825919.html,CHANGE THE WORLD with a Fun Career with Great Pay and Flexible Hours!,fremont / union city / newark
https://sfbay.craigslist.org/scz/mnu/d/demand-planning-analyst-santa/6597391220.html,Demand Planning Analyst - Santa Cruz Bicycles,santa cruz
https://sfbay.craigslist.org/eby/npo/d/residential-manager-new/6608598560.html,Residential Manager New Yosemite,oakland hills / mills
https://sfbay.craigslist.org/nby/sof/d/technology-application/6608041224.html,TECHNOLOGY APPLICATION SPECIALIST,santa rosa
https://sfbay.craigslist.org/nby/sad/d/technology-application/6608041228.html,TECHNOLOGY APPLICATION SPECIALIST,santa rosa
https://sfbay.craigslist.org/sfc/acc/d/payroll-project-lead-the/6607754554.html,Payroll Project Lead - The Cheesecake Factory Corp - RELO to LA PAID,downtown / civic / van ness
https://sfbay.craigslist.org/eby/edu/d/change-the-world-with-fun/6607708715.html,CHANGE THE WORLD with a Fun Career with Great Pay and Flexible Hours!,fremont / union city / newark
https://sfbay.craigslist.org/sfc/acc/d/seeking-an-analyst-with/6596372248.html,Seeking an Analyst with excellent Excel modeling skills (contractor),financial district
https://sfbay.craigslist.org/sfc/npo/d/impact-analyst-compass-family/6595463874.html,Impact Analyst - Compass Family Services,downtown / civic / van ness
https://sfbay.craigslist.org/pen/hum/d/compensation-analyst/6595072513.html,Compensation Analyst,palo alto
https://sfbay.craigslist.org/eby/sof/d/computer-systems-analyst/6595018883.html,Computer Systems Analyst,danville / san ramon
https://sfbay.craigslist.org/sby/npo/d/development-associate-donor/6605439815.html,Development Associate- Donor Database,milpitas
https://sfbay.craigslist.org/eby/edu/d/change-the-world-with-fun/6605350115.html,CHANGE THE WORLD with a Fun Career with Great Pay and Flexible Hours!,fremont / union city / newark
https://sfbay.craigslist.org/sfc/acc/d/sales-development-rep-at/6605163662.html,Sales Development Rep at Commercial Real Estate Start Up,financial district
https://sfbay.craigslist.org/eby/npo/d/residential-manager-new/6604103263.html,Residential Manager New Yosemite,oakland hills / mills
https://sfbay.craigslist.org/eby/edu/d/extended-day-program-edp/6603532412.html,Extended Day Program (EDP) Coordinator K-8 (18-19),
https://sfbay.craigslist.org/eby/hea/d/change-the-world-with-fun/6602281646.html,CHANGE THE WORLD with a Fun Career with Great Pay and Flexible Hours!,fremont / union city / newark
https://sfbay.craigslist.org/nby/sad/d/telecom-network-and-data/6592952946.html,Telecom Network and Data Communications Technician,san rafael
https://sfbay.craigslist.org/pen/acc/d/senior-financial-analyst/6592909999.html,Senior Financial Analyst,san carlos
https://sfbay.craigslist.org/pen/bus/d/research-analyst-and/6592526364.html,Research Analyst and Leadership Rotation Program (hire in Summer 2018),redwood city
https://sfbay.craigslist.org/sby/mar/d/account-manager-analyst/6592521807.html,Account Manager / Analyst ~ Digital Marketing Startup (Automotive),san jose downtown
https://sfbay.craigslist.org/eby/egr/d/analyst/6592442958.html,Analyst,concord / pleasant hill / martinez
https://sfbay.craigslist.org/sfc/gov/d/analyst-jo4690/6592267858.html,Analyst (JO#4690),downtown / civic / van ness
https://sfbay.craigslist.org/sfc/acc/d/payroll-project-lead-the/6601419284.html,Payroll Project Lead - The Cheesecake Factory Corp - RELO to LA PAID,downtown / civic / van ness
https://sfbay.craigslist.org/eby/sec/d/quantitative-analyst/6591915396.html,Quantitative Analyst,concord / pleasant hill / martinez
https://sfbay.craigslist.org/sfc/ofc/d/client-services-analyst/6591524356.html,Client Services Analyst,financial district
https://sfbay.craigslist.org/eby/acc/d/analyst-financial-395br/6591042244.html,Analyst  Financial - 395BR,concord / pleasant hill / martinez
https://sfbay.craigslist.org/nby/ofc/d/event-specialist/6590850850.html,Event Specialist (Administrative Analyst/Specialist Non-Exempt),
https://sfbay.craigslist.org/pen/egr/d/shutterfly-senior-information/6590770175.html,SHUTTERFLY - Senior Information Security Risk Analyst,redwood city
https://sfbay.craigslist.org/eby/sof/d/senior-applications-analyst/6590757221.html,Senior Applications Analyst,oakland east
https://sfbay.craigslist.org/sby/npo/d/development-analyst/6590361687.html,Development Analyst,milpitas
https://sfbay.craigslist.org/eby/edu/d/5-8-dean-of-students/6599074370.html,5-8 Dean of Students,
https://sfbay.craigslist.org/sby/sad/d/it-programming-analyst/6590133796.html,"IT Programming Analyst, Reporting","Santa Maria, CA"
https://sfbay.craigslist.org/eby/edu/d/registered-behavior-technician/6598360417.html,Registered Behavior Technician,
https://sfbay.craigslist.org/sfc/edu/d/registered-behavior-technician/6598358043.html,Registered Behavior Technician,San Francisco
https://sfbay.craigslist.org/eby/ofc/d/database-manager-ymca-of-the/6598094789.html,Database Manager YMCA of the East Bay,berkeley
https://sfbay.craigslist.org/sby/bus/d/sr-business-systems-analyst/6589635544.html,Sr. Business Systems Analyst,san jose north
https://sfbay.craigslist.org/eby/acc/d/accounting-associate-temporary/6597431327.html,Accounting Associate - Temporary,emeryville
https://sfbay.craigslist.org/eby/edu/d/change-the-world-with-fun/6597165192.html,CHANGE THE WORLD with a Fun Career with Great Pay and Flexible Hours!,fremont / union city / newark
https://sfbay.craigslist.org/sfc/ofc/d/associate-analyst-jo-4708/6589073521.html,Associate Analyst (JO# 4708),
https://sfbay.craigslist.org/sfc/acc/d/associate-analyst-jo-4707/6588985944.html,Associate Analyst (JO# 4707),
https://sfbay.craigslist.org/sfc/acc/d/payroll-project-lead-the/6596426391.html,Payroll Project Lead - The Cheesecake Factory Corp - RELO to LA PAID,downtown / civic / van ness
https://sfbay.craigslist.org/eby/npo/d/residential-manager-new/6595988313.html,Residential Manager New Yosemite,oakland hills / mills
https://sfbay.craigslist.org/eby/hea/d/change-the-world-with-fun/6595388903.html,CHANGE THE WORLD with a Fun Career with Great Pay and Flexible Hours!,hayward / castro valley
https://sfbay.craigslist.org/sby/edu/d/behavior-strategies-trainer/6592989946.html,Behavior Strategies Trainer,los gatos
https://sfbay.craigslist.org/sby/lgl/d/contracts-specialist/6592881022.html,Contracts Specialist,san jose downtown
https://sfbay.craigslist.org/eby/edu/d/change-the-world-with-fun/6592852789.html,CHANGE THE WORLD with a Fun Career with Great Pay and Flexible Hours!,hayward / castro valley
https://sfbay.craigslist.org/eby/edu/d/5-8-dean-of-students/6591588626.html,5-8 Dean of Students,
https://sfbay.craigslist.org/eby/hea/d/change-the-world-with-fun/6591580777.html,CHANGE THE WORLD with a Fun Career with Great Pay and Flexible Hours!,fremont / union city / newark
https://sfbay.craigslist.org/eby/acc/d/investment-specialist/6590031602.html,Investment Specialist,walnut creek
https://sfbay.craigslist.org/eby/egr/d/scheduler/6589962807.html,SCHEDULER,danville / san ramon
https://sfbay.craigslist.org/eby/npo/d/residential-manager-new/6589749632.html,Residential Manager New Yosemite,oakland hills / mills
https://sfbay.craigslist.org/eby/acc/d/payroll-specialist-needed-asap/6589120912.html,PAYROLL SPECIALIST NEEDED ASAP,oakland downtown
https://sfbay.craigslist.org/pen/edu/d/work-11-children-behavior/6588958030.html,Work 1:1 w/ Children - Behavior Technician & RBT Positions Available!,palo alto
https://sfbay.craigslist.org/pen/edu/d/work-11-children-behavior/6588955623.html,Work 1:1 w/ Children - Behavior Technician & RBT Positions Available!,burlingame
https://sfbay.craigslist.org/nby/edu/d/work-11-children-behavior/6588950970.html,Work 1:1 w/ Children - Behavior Technician & RBT Positions Available!,Marin County
https://sfbay.craigslist.org/sby/edu/d/work-11-children-behavior/6588947583.html,Work 1:1 w/ Children - Behavior Technician & RBT Positions Available!,Santa Clara County
https://sfbay.craigslist.org/sfc/edu/d/work-11-children-behavior/6588949294.html,Work 1:1 w/ Children - Behavior Technician & RBT Positions Available!,San Francisco
https://sfbay.craigslist.org/eby/hea/d/care-manager-part-time/6588256483.html,Care Manager Part-Time,berkeley
https://sfbay.craigslist.org/eby/hum/d/onboarding-specialist/6597034206.html,Onboarding Specialist,emeryville
https://sfbay.craigslist.org/sby/sof/d/software-developers/6589898016.html,"15113200 Software Developers, Applications",campbell
https://sfbay.craigslist.org/sfc/hea/d/quality-improvement-technical/6589004635.html,Quality Improvement Technical Assistance Lead,financial district
https://sfbay.craigslist.org/sfc/npo/d/quality-improvement-technical/6589004678.html,Quality Improvement Technical Assistance Lead,financial district
https://sacramento.craigslist.org/sci/d/environmental-labortory/6610888128.html,Environmental Labortory Analyst,
